email,password,status,profile_image_url,social_platform,is_deleted,created_at,updated_at,deleted_at
test01@gmail.com,qwer1234!@#$,user,https://dummyimage.com/50x50/7d7d7d/fff&text=user1,kakao,0,,,
test02@gmail.com,qwer1234!@#$,user,https://dummyimage.com/50x50/7d7d7d/fff&text=user2,kakao,0,,,
test03@gmail.com,qwer1234!@#$,user,https://dummyimage.com/50x50/7d7d7d/fff&text=user3,kakao,0,,,
test04@gmail.com,qwer1234!@#$,user,https://dummyimage.com/50x50/7d7d7d/fff&text=user4,kakao,0,,,
test05@gmail.com,qwer1234!@#$,user,https://dummyimage.com/50x50/7d7d7d/fff&text=user5,kakao,0,,,
test06@gmail.com,qwer1234!@#$,user,https://dummyimage.com/50x50/7d7d7d/fff&text=user6,kakao,0,,,
test07@gmail.com,qwer1234!@#$,user,https://dummyimage.com/50x50/7d7d7d/fff&text=user7,kakao,0,,,
test08@gmail.com,qwer1234!@#$,user,https://dummyimage.com/50x50/7d7d7d/fff&text=user8,kakao,0,,,
test09@gmail.com,qwer1234!@#$,host,https://dummyimage.com/50x50/7d7d7d/fff&text=user9,kakao,0,,,
test10@gmail.com,qwer1234!@#$,host,https://dummyimage.com/50x50/7d7d7d/fff&text=user10,kakao,0,,,
test11@gmail.com,qwer1234!@#$,host,https://dummyimage.com/50x50/7d7d7d/fff&text=user11,kakao,0,,,
test12@gmail.com,qwer1234!@#$,host,https://dummyimage.com/50x50/7d7d7d/fff&text=user12,kakao,0,,,
test13@gmail.com,qwer1234!@#$,host,https://dummyimage.com/50x50/7d7d7d/fff&text=user13,kakao,0,,,
test14@gmail.com,qwer1234!@#$,host,https://dummyimage.com/50x50/7d7d7d/fff&text=user14,kakao,0,,,
test15@gmail.com,qwer1234!@#$,host,https://dummyimage.com/50x50/7d7d7d/fff&text=user15,kakao,0,,,
test16@gmail.com,qwer1234!@#$,host,https://dummyimage.com/50x50/7d7d7d/fff&text=user16,kakao,0,,,
test17@gmail.com,qwer1234!@#$,host,https://dummyimage.com/50x50/7d7d7d/fff&text=user17,kakao,0,,,
test18@gmail.com,qwer1234!@#$,host,https://dummyimage.com/50x50/7d7d7d/fff&text=user18,kakao,0,,,
test19@gmail.com,qwer1234!@#$,host,https://dummyimage.com/50x50/7d7d7d/fff&text=user19,kakao,0,,,
test20@gmail.com,qwer1234!@#$,user,https://dummyimage.com/50x50/7d7d7d/fff&text=user20,kakao,0,,,
test21@gmail.com,qwer1234!@#$,user,https://dummyimage.com/50x50/7d7d7d/fff&text=user21,kakao,0,,,
test22@gmail.com,qwer1234!@#$,user,https://dummyimage.com/50x50/7d7d7d/fff&text=user22,kakao,0,,,
test23@gmail.com,qwer1234!@#$,user,https://dummyimage.com/50x50/7d7d7d/fff&text=user23,kakao,0,,,
test24@gmail.com,qwer1234!@#$,user,https://dummyimage.com/50x50/7d7d7d/fff&text=user24,kakao,0,,,
test25@gmail.com,qwer1234!@#$,user,https://dummyimage.com/50x50/7d7d7d/fff&text=user25,kakao,0,,,
test26@gmail.com,qwer1234!@#$,user,https://dummyimage.com/50x50/7d7d7d/fff&text=user26,kakao,0,,,
test27@gmail.com,qwer1234!@#$,user,https://dummyimage.com/50x50/7d7d7d/fff&text=user27,kakao,0,,,
test28@gmail.com,qwer1234!@#$,user,https://dummyimage.com/50x50/7d7d7d/fff&text=user28,kakao,0,,,
test29@gmail.com,qwer1234!@#$,user,https://dummyimage.com/50x50/7d7d7d/fff&text=user29,kakao,0,,,
test30@gmail.com,qwer1234!@#$,user,https://dummyimage.com/50x50/7d7d7d/fff&text=user30,kakao,0,,,
test31@gmail.com,qwer1234!@#$,user,https://dummyimage.com/50x50/7d7d7d/fff&text=user31,kakao,0,,,
test32@gmail.com,qwer1234!@#$,user,https://dummyimage.com/50x50/7d7d7d/fff&text=user32,kakao,0,,,
test33@gmail.com,qwer1234!@#$,user,https://dummyimage.com/50x50/7d7d7d/fff&text=user33,kakao,0,,,
test34@gmail.com,qwer1234!@#$,user,https://dummyimage.com/50x50/7d7d7d/fff&text=user34,kakao,0,,,
test35@gmail.com,qwer1234!@#$,user,https://dummyimage.com/50x50/7d7d7d/fff&text=user35,kakao,0,,,
test36@gmail.com,qwer1234!@#$,user,https://dummyimage.com/50x50/7d7d7d/fff&text=user36,kakao,0,,,
test37@gmail.com,qwer1234!@#$,user,https://dummyimage.com/50x50/7d7d7d/fff&text=user37,kakao,0,,,
test38@gmail.com,qwer1234!@#$,user,https://dummyimage.com/50x50/7d7d7d/fff&text=user38,kakao,0,,,
test39@gmail.com,qwer1234!@#$,user,https://dummyimage.com/50x50/7d7d7d/fff&text=user39,kakao,0,,,
test40@gmail.com,qwer1234!@#$,user,https://dummyimage.com/50x50/7d7d7d/fff&text=user40,kakao,0,,,
test41@gmail.com,qwer1234!@#$,user,https://dummyimage.com/50x50/7d7d7d/fff&text=user41,kakao,0,,,
test42@gmail.com,qwer1234!@#$,user,https://dummyimage.com/50x50/7d7d7d/fff&text=user42,kakao,0,,,
test43@gmail.com,qwer1234!@#$,user,https://dummyimage.com/50x50/7d7d7d/fff&text=user43,kakao,0,,,
test44@gmail.com,qwer1234!@#$,user,https://dummyimage.com/50x50/7d7d7d/fff&text=user44,kakao,0,,,
test45@gmail.com,qwer1234!@#$,user,https://dummyimage.com/50x50/7d7d7d/fff&text=user45,kakao,0,,,
test46@gmail.com,qwer1234!@#$,user,https://dummyimage.com/50x50/7d7d7d/fff&text=user46,kakao,0,,,
test47@gmail.com,qwer1234!@#$,user,https://dummyimage.com/50x50/7d7d7d/fff&text=user47,kakao,0,,,
test48@gmail.com,qwer1234!@#$,user,https://dummyimage.com/50x50/7d7d7d/fff&text=user48,kakao,0,,,
test49@gmail.com,qwer1234!@#$,user,https://dummyimage.com/50x50/7d7d7d/fff&text=user49,kakao,0,,,
test50@gmail.com,qwer1234!@#$,user,https://dummyimage.com/50x50/7d7d7d/fff&text=user50,kakao,0,,,